"Timestamp","Nama Lengkap ( Tidak Disingkat )","Jenis Kelamin","Alamat","Status Pekerjaan","Asal Institusi / Sekolah","Telepon / No. HP ","Alamat E-Mail Pribadi"
"2020/08/12 8:06:24 PM GMT+9","Hasmillah Mursalim","Perempuan","Jl. Tanjung Ria Dok IX","Mahasiswa","STIMIK Sepuluh Nopember Jayapura","081291595786","hasmillahmursalim@gmail.com"
"2020/08/12 8:20:19 PM GMT+9","Muhammad Nur Ismail","Laki-laki","Jl. Garuda, Abepura","Mahasiswa","STIMIK SEPULUH NOPEMBER JAYAPURA","085244402069","mnurismail7@gmail.com"
"2020/08/12 8:22:47 PM GMT+9","Abraham Victor Patrick Ohoiwutun","Laki-laki","Jl. Merauke No. 42 Abepura","Mahasiswa","STIMIK Sepuluh Nopember Jayapura","082199901655","patrick2001ohoiwutun@gmail.com"
"2020/08/12 8:47:44 PM GMT+9","Iriana","Perempuan","Blk. Pasar Hamadi","Mahasiswa","SMK Negeri 2 Jayapura","085268973494","iiriana75@gmail.com"
"2020/08/12 8:48:53 PM GMT+9","blair van dayvid ayhuan","Laki-laki","Argapura resimen","Mahasiswa","","081327881997","davidwattimena20@gmail.com"
"2020/08/12 8:55:31 PM GMT+9","Ainun Mukhliza Mantu","Perempuan","Komp. Penangkaran Buaya Bintang Mas Entrop","Mahasiswa","STIMIK Sepuluh Nopember Jayapura","082198102567","ainunmukhlizaa@gmail.com"
"2020/08/12 9:04:51 PM GMT+9","Fatmah Risnah Yuti Reniwuryaa ","Perempuan","KOMP.SD IMPRES TANJUNG RIA","Mahasiswa","STIMIK Sepuluh Nopember Jayapura","081344505456","risnahfatmah@gmail.com"
"2020/08/12 9:09:57 PM GMT+9","Yurlita Padanun","Perempuan","Jln Kabupaten II Apo","Mahasiswa","Stimik Sepuluh Nopember","081344963939","yurlithapadanun1994@gmail.com"
"2020/08/12 9:10:31 PM GMT+9","Handayani","Perempuan","BTN Skyline Residences Kaswari 4 no 9","Pengajar","STIMIK sepuluh Nopember Jayapura","082187059891","handayani.arifin.s@gmail.com"
"2020/08/12 9:12:56 PM GMT+9","Zia Fadzillah","Perempuan","Jl. Batu Karang, Perum-Perhubungan no.15a Ardipura, Jayapura Selatan","Mahasiswa","STIMIK Sepuluh Nopember Jayapura","081344228857","zia.fadzillah@gmail.com"
"2020/08/12 9:14:43 PM GMT+9","Greyscheilla Tandiara","Perempuan","Jln. Pasifik Indah 1 No. 18, Deplat Kiri","Mahasiswa","STIMIK Sepuluh Nopember Jayapura","082399382770","greyscheilla10@gmail.com"
"2020/08/12 9:35:48 PM GMT+9","NANDA RIZKY","Perempuan","Hamadi","Mahasiswa","SMK Negeri 1 Jayapura","081247427067","ndazky2312@gmail.com"
"2020/08/12 9:36:49 PM GMT+9","Ratih Nurul Aprilianti","Perempuan","Jl inpres sarmi basecamp","Mahasiswa","SMA NEGERI 1 SARMI","082197985050","Aprilianti2002@icloud.com"
"2020/08/12 10:05:16 PM GMT+9","Aulia medina","Perempuan","Jalan pasifik indah 2","Umum","Sma negri 2 jayapura","082398575399","auliamedina25@gmail.com"
"2020/08/12 10:10:53 PM GMT+9","Angelita Nawas","Perempuan","Apo bengkel","Mahasiswa","SMKN 1 BORONG"," 081236197286 ","angelitanawas994@gemil.com"
"2020/08/12 10:11:14 PM GMT+9","Reny Dewi Kartika","Perempuan","Jl. Kabupaten II APO Kali","Mahasiswa","STIMIK Sepuluh Nopember Jayapura","082199048404","renydewikartika@gmail.com"
"2020/08/12 10:17:11 PM GMT+9","FRANSISKA YULIANA MARGARETA AMO WENDA ","Perempuan","BHAYANGKARA 1.C ","Mahasiswa","SMA GABUNGAN JAYAPURA ","082248858631","nonawenda968@gmail.com"
"2020/08/12 10:45:27 PM GMT+9","Revo Riantino Tulung","Laki-laki","BTN PUSKOPAD HAWAI SENTANI","Mahasiswa","SMKN 1 SENTANI","081344738923","tjoa730@gmail.com"
"2020/08/12 11:02:30 PM GMT+9","STEVEN O. PAHABOL","Laki-laki","pambulan","Mahasiswa","SMA NEGERI ANGGURUK","082111883471","stephenpahabol@gmail.com"
"2020/08/12 11:13:19 PM GMT+9","Jonny mulait","Laki-laki","Jln. Kehiran pasar Lama Sentani","Mahasiswa","STIMIK SEPULUH NOPEMBER JAYAPURA","085254200592","jonnymulait@gmail.com"
"2020/08/14 11:48:58 AM GMT+9","Hasmiati Mursalim","Perempuan","Jl. Tanjung Ria Dok IX Jayapura","Pengajar","STIMIK Sepuluh Nopember Jayapura","085244445622","hasmi.ace87@gmail.com"
"2020/08/14 11:50:42 AM GMT+9","MEGA CHRISTIN E.WAKDOMI SAPARI","Perempuan"," Jln.NANGKA SANTAROSA","Pelajar","SMA MANDALA TRIKORA","08219779513","megachristinwakdomi@gmail.com"
"2020/08/14 2:49:19 PM GMT+9","Syaraswati","Perempuan","Jl inpres sarmi kalebagri","Mahasiswa","SMAN 1 SARMI","082191804633","SyarasSyam@gmail.com"
"2020/08/17 12:30:49 PM GMT+9","Yustin wasioh","Perempuan","Doyo baru","Mahasiswa","SMA N 1 SENTANI","081247427416","Yustinawasioh123@gmail.com"
"2020/08/17 6:36:31 PM GMT+9","Ajenkris Y. Kungkung","Laki-laki","Tanah Hitam","Pengajar","STIMIK Sepuluh Nopember Jayapura","082238281801","kristt2688@gmail.com"
"2020/08/17 7:10:01 PM GMT+9","SHERIF AJI WICAKSONO","Laki-laki","Asrama POMDAM Dok 2 Bawah","Mahasiswa","STIMIK Sepuluh Nopember Jayapura","082140402665","sherifadjie@gmail.com"